Metric,Value
Nodes,4039
Edges,88234
Mean Degree,43.69101262688784
Min Degree,1
Max Degree,1045
Median Degree,25.0
Std Degree,52.41411556737521
Density,0.010819963503439287
Avg Clustering,0.6055467186200876
